字號,字,聲母,韻母,調值,調類,備註
1,東,t,əŋ,24,陰平,
2,菄,t,əŋ,24,陰平,
22,銅,tʰ,əŋ,11,陽平,
63,中,ts,əŋ,24,陰平,中間。
67,蟲,tsʰ,əŋ,11,陽平,
113,狨,0,iŋ,11,陽平,
114,絨,0,iŋ,11,陽平,
115,弓,k,əŋ,24,陰平,
126,熊,ɕ,yŋ,11,陽平,
140,窮,tɕʰ,iŋ,11,陽平,
143,馮,h,əŋ,11,陽平,
150,風,f,əŋ,24,陰平,
151,飌,f,əŋ,24,陰平,
178,空,kʰ,əŋ,24,陰平,空虛。
192,公,k,əŋ,24,陰平,
205,蒙,m,əŋ,11,陽平,蒙古
205,蒙,m,əŋ,24,陰平,蒙住。
232,籠,l,əŋ,11,陽平,蒸籠。
232,籠,l,əŋ,24,陰平,雞籠
240,聾,l,əŋ,24,陰平,
262,紅,h,əŋ,11,陽平,
287,翁,v,əŋ,24,陰平,
297,葱,tsʰ,əŋ,24,陰平,
310,通,tʰ,əŋ,24,陰平,
326,椶,ts,əŋ,24,陰平,
343,篷,pʰ,əŋ,11,陽平,
361,冬,t,əŋ,24,陰平,
362,𡘬,t,əŋ,24,陰平,
401,農,n,əŋ,11,陽平,
402,䢉,n,əŋ,11,陽平,
403,辳,n,əŋ,11,陽平,
404,𨑋,n,əŋ,11,陽平,
422,宗,ts,əŋ,24,陰平,
424,鬆,s,əŋ,24,陰平,輕鬆。
425,䯳,s,əŋ,24,陰平,輕鬆。
428,鐘,ts,əŋ,24,陰平,
445,龍,t,iŋ,11,陽平,
454,舂,s,əŋ,24,陰平,舂米。
460,松,tsʰ,əŋ,11,陽平,松樹。
461,㮤,tsʰ,əŋ,11,陽平,松樹。
464,𧘂,tsʰ,əŋ,24,陰平,
465,衝,tsʰ,əŋ,24,陰平,
475,容,0,iŋ,11,陽平,
510,封,f,əŋ,24,陰平,
511,𡉚,f,əŋ,24,陰平,
515,胷,ɕ,iŋ,24,陰平,
516,凶,ɕ,iŋ,24,陰平,
517,𣧑,ɕ,iŋ,24,陰平,
547,濃,n,iŋ,11,陽平,
553,重,tsʰ,əŋ,11,陽平,重複。
571,縫,f,əŋ,11,陽平,縫衣。
635,供,k,əŋ,11,陽平,供應。
652,從,tsʰ,əŋ,11,陽平,
664,江,k,ɔ̃,24,陰平,
698,䆫,tsʰ,ɔ̃,24,陰平,
699,牎,tsʰ,ɔ̃,24,陰平,
700,窓,tsʰ,ɔ̃,24,陰平,
725,雙,s,ɔ̃,24,陰平,
765,樁,ts,ɔ̃,24,陰平,
772,支,ts,ɿ,24,陰平,
877,錘,tɕʰ,y,11,陽平,
891,吹,tɕʰ,y,24,陰平,
897,披,pʰ,i,24,陰平,
908,碑,p,i,24,陰平,
917,隨,tɕʰ,i,11,陽平,
920,虧,kʰ,ue,24,陰平,
999,皮,pʰ,i,11,陽平,
1018,兒,0,e,11,陽平,
1019,𠒆,0,e,11,陽平,
1023,籬,t,i,11,陽平,
1193,知,ts,ɿ,24,陰平,
1251,規,k,ue,24,陰平,
1358,飢,tɕ,i,24,陰平,
1421,私,s,ɿ,24,陰平,
1446,棃,t,i,11,陽平,
1447,梨,t,i,11,陽平,
1471,龜,k,ue,24,陰平,
1472,龜,k,ue,24,陰平,
1473,𠃾,k,ue,24,陰平,
1484,衰,s,ue,24,陰平,
1489,維,v,e,11,陽平,
1565,悲,p,e,24,陰平,
1661,時,s,ɿ,11,陽平,
1662,旹,s,ɿ,11,陽平,
1668,疑,n,i,11,陽平,
1690,旗,tɕʰ,i,11,陽平,
1724,而,0,e,11,陽平,
1745,欺,tɕʰ,i,24,陰平,
1759,基,tɕ,i,24,陰平,
1876,揮,h,ue,24,陰平,
1914,飛,f,i,24,陰平,
1925,肥,f,i,11,陽平,
1965,機,tɕ,i,24,陰平,
1974,幾,tɕ,i,42,上聲,
1995,衣,j,i,24,陰平,
2005,歸,k,ue,24,陰平,
2006,㱕,k,ue,24,陰平,
2010,魚,ŋ,e,11,陽平,
2011,𩺰,ŋ,e,11,陽平,
2022,書,ɕ,y,24,陰平,
2036,車,tɕ,y,24,陰平,車馬炮。
2043,渠,tɕ,i,24,陰平,他。
2069,余,0,y,11,陽平,
2118,蛆,tɕʰ,i,24,陰平,
2125,鉏,tsʰ,u,11,陽平,
2126,鋤,tsʰ,u,11,陽平,
2136,梳,s,u,24,陰平,
2146,虛,ɕ,y,24,陰平,
2152,徐,tɕʰ,i,11,陽平,
2161,豬,ts,e,24,陰平,
2162,䐗,ts,e,24,陰平,
2163,猪,ts,e,24,陰平,
2191,除,tɕʰ,y,11,陽平,
2378,須,ɕ,i,24,陰平,
2462,區,tɕʰ,y,24,陰平,
2470,朱,tɕ,y,24,陰平,
2500,扶,pʰ,u,11,陽平,
2501,𢻳,pʰ,u,11,陽平,
2503,符,f,u,11,陽平,
2587,夫,f,u,24,陰平,
2608,輸,ɕ,y,24,陰平,
2616,廚,tɕʰ,y,11,陽平,
2640,模,m,o,11,陽平,模子。
2641,橅,m,o,11,陽平,模子。
2662,胡,f,u,11,陽平,
2780,吳,v,u,11,陽平,
2797,租,ts,u,24,陰平,
2817,爐,l,u,11,陽平,
2842,烏,v,u,24,陰平,
2887,麤,tsʰ,u,24,陰平,
2888,麁,tsʰ,u,24,陰平,
2891,觕,tsʰ,u,24,陰平,
2893,粗,tsʰ,u,24,陰平,
2925,齊,tɕʰ,i,11,陽平,
2935,犂,t,i,11,陽平,
2936,𤛿,t,i,11,陽平,
2965,低,t,i,24,陰平,
3066,雞,tɕ,i,24,陰平,
3067,鷄,tɕ,i,24,陰平,
3130,西,ɕ,i,24,陰平,
3131,卤,ɕ,i,24,陰平,
3132,卥,ɕ,i,24,陰平,
3146,梯,tʰ,i,24,陰平,
3191,泥,n,i,11,陽平,
3192,埿,n,i,11,陽平,
3195,谿,tɕʰ,i,24,陰平,
3196,嵠,tɕʰ,i,24,陰平,
3197,溪,tɕʰ,i,24,陰平,
3198,磎,tɕʰ,i,24,陰平,
3220,奎,kʰ,ue,11,陽平,
3263,佳,k,a,24,陰平,
3264,街,k,æ,24,陰平,
3268,鞵,h,æ,11,陽平,
3269,鞋,h,æ,11,陽平,
3287,蛙,v,a,24,陰平,
3288,鼃,v,a,24,陰平,
3295,柴,tsʰ,æ,11,陽平,
3346,階,k,æ,24,陰平,
3351,堦,k,æ,24,陰平,
3355,街,k,æ,24,陰平,
3360,𢰇,0,æ,24,陰平,
3368,鞋,h,æ,11,陽平,
3370,排,pʰ,æ,11,陽平,
3376,乖,k,uæ,24,陰平,
3377,𦮃,k,uæ,24,陰平,
3388,淮,h,uæ,11,陽平,
3404,埋,m,æ,11,陽平,
3418,揩,kʰ,æ,24,陰平,
3432,灰,h,ue,24,陰平,
3457,回,h,ue,11,陽平,
3471,梅,m,e,11,陽平,
3531,堆,t,e,24,陰平,
3565,桮,p,e,24,陰平,
3566,杯,p,e,24,陰平,
3567,盃,p,e,24,陰平,
3585,推,tʰ,e,24,陰平,
3598,開,h,ue,24,陰平,
3603,哀,ŋ,æ,24,陰平,
3624,該,k,ue,24,陰平,
3647,財,tsʰ,e,11,陽平,
3654,來,l,e,11,陽平,
3683,栽,ts,e,24,陰平,
3700,台,tʰ,e,11,陽平,
3733,真,tɕ,iŋ,24,陰平,
3776,新,ɕ,iŋ,24,陰平,
3795,神,ɕ,iŋ,11,陽平,
3797,親,tɕʰ,iŋ,24,陰平,
3798,寴,tɕʰ,iŋ,24,陰平,
3799,𡪔,tɕʰ,iŋ,24,陰平,
3815,身,ɕ,iŋ,24,陰平,
3819,賓,p,iŋ,24,陰平,
3820,𧶉,p,iŋ,24,陰平,
3839,鱗,t,iŋ,11,陽平,
3860,陳,tɕʰ,iŋ,11,陽平,
3861,敶,tɕʰ,iŋ,11,陽平,
3958,貧,pʰ,iŋ,11,陽平,
3959,𡧋,pʰ,iŋ,11,陽平,
3980,民,m,iŋ,11,陽平,
4065,遵,ts,ẽ,24,陰平,
4070,春,tɕʰ,yŋ,24,陰平,
4141,蟁,m,ẽ,24,陰平,
4142,蚊,m,ẽ,24,陰平,
4143,䘇,m,ẽ,24,陰平,
4150,雲,j,yŋ,11,陽平,
4219,分,f,ẽ,24,陰平,
4226,帬,tɕʰ,yŋ,11,陽平,
4227,裠,tɕʰ,yŋ,11,陽平,
4243,軍,tɕ,yŋ,24,陰平,
4273,勤,tɕʰ,iŋ,11,陽平,
4282,斤,tɕ,iŋ,24,陰平,
4298,元,j,yẽ,11,陽平,
4374,飜,f,ã,24,陰平,
4375,翻,f,ã,24,陰平,
4405,冤,j,yẽ,24,陰平,
4422,言,n,iẽ,11,陽平,
4467,渾,v,ẽ,11,陽平,
4503,溫,v,ẽ,24,陰平,
4515,門,m,ẽ,11,陽平,
4534,尊,ts,ẽ,24,陰平,
4535,罇,ts,ẽ,24,陰平,
4536,樽,ts,ẽ,24,陰平,
4580,村,tsʰ,ẽ,24,陰平,
4604,昏,h,uɔ̃,24,陰平,
4615,痕,h,ẽ,11,陽平,
4619,根,k,ẽ,24,陰平,
4623,恩,0,ẽ,24,陰平,
4626,吞,tʰ,ẽ,24,陰平,
4630,寒,h,uɔ̃,11,陽平,
4645,單,t,ã,24,陰平,
4655,安,0,uɔ̃,24,陰平,
4660,難,n,ã,11,陽平,難易。
4661,𪅀,n,ã,11,陽平,難易。
4662,𩁢,n,ã,11,陽平,難易。
4663,𩁚,n,ã,11,陽平,難易。
4664,餐,tsʰ,ã,24,陰平,
4665,湌,tsʰ,ã,24,陰平,
4673,攤,tʰ,ã,24,陰平,
4687,彈,tʰ,ã,11,陽平,彈琴。
4708,肝,k,uɔ̃,24,陰平,
4720,蘭,l,ã,11,陽平,
4743,完,v,ã,11,陽平,
4783,端,t,uɔ̃,24,陰平,
4808,酸,s,uɔ̃,24,陰平,
4813,團,tʰ,uɔ̃,11,陽平,
4834,官,k,uɔ̃,24,陰平,
4858,歡,h,uɔ̃,24,陰平,
4859,懽,h,uɔ̃,24,陰平,
4871,寬,kʰ,uɔ̃,24,陰平,
4879,槃,pʰ,ɔ̃,11,陽平,
4880,盤,pʰ,ɔ̃,11,陽平,
4881,鎜,pʰ,ɔ̃,11,陽平,
4882,柈,pʰ,ɔ̃,11,陽平,
4926,潘,pʰ,ɔ̃,24,陰平,
4933,般,p,ɔ̃,24,陰平,
4941,關,k,uã,24,陰平,姓
4941,關,kʰ,uã,24,陰平,關門。
4942,関,kʰ,uã,24,陰平,關門。
4942,関,k,uã,24,陰平,姓
4947,彎,v,ã,24,陰平,
4952,𣠯,tsʰ,uɔ̃,24,陰平,
4953,還,v,ã,11,陽平,歸還。
4973,班,p,ã,24,陰平,
4993,顏,ŋ,ã,11,陽平,
4995,姦,k,ã,24,陰平,
5004,頑,ŋ,ã,11,陽平,
5009,山,s,ã,24,陰平,
5015,閒,k,ã,24,陰平,中間。
5021,閑,h,ã,11,陽平,
5084,千,tɕʰ,iẽ,24,陰平,
5108,天,tʰ,iẽ,24,陰平,
5109,𠀘,tʰ,iẽ,24,陰平,
5110,䒶,tʰ,iẽ,24,陰平,
5119,肩,tɕ,iẽ,24,陰平,
5161,蓮,l,iẽ,11,陽平,
5169,田,tʰ,iẽ,11,陽平,
5189,秊,n,iẽ,11,陽平,
5190,年,n,iẽ,11,陽平,
5192,顛,t,iẽ,24,陰平,
5193,㒹,t,iẽ,24,陰平,
5207,牽,tɕʰ,iẽ,24,陰平,
5267,邊,p,iẽ,24,陰平,
5282,縣,ɕ,yẽ,11,陽平,
5283,懸,ɕ,yẽ,11,陽平,
5297,仙,ɕ,iẽ,24,陰平,
5298,僊,ɕ,iẽ,24,陰平,
5299,㒨,ɕ,iẽ,24,陰平,
5311,遷,tɕʰ,iẽ,24,陰平,
5312,𨙙,tɕʰ,iẽ,24,陰平,
5313,𠨧,tɕʰ,iẽ,24,陰平,
5319,煎,tɕ,iẽ,24,陰平,
5323,然,j,iẽ,11,陽平,
5388,纏,tsʰ,ẽ,11,陽平,
5389,緾,tsʰ,ẽ,11,陽平,
5403,連,t,iẽ,11,陽平,
5417,偏,pʰ,iẽ,24,陰平,
5423,便,pʰ,iẽ,11,陽平,便宜。
5434,棉,m,iẽ,11,陽平,
5449,全,tɕʰ,iẽ,11,陽平,
5450,仝,tɕʰ,iẽ,11,陽平,
5485,穿,tsʰ,uɔ̃,24,陰平,
5524,船,s,uɔ̃,11,陽平,
5525,舩,s,uɔ̃,11,陽平,
5526,鞭,p,iẽ,24,陰平,
5574,圜,j,yẽ,11,陽平,
5605,拳,tɕʰ,yẽ,11,陽平,
5628,傳,tsʰ,uɔ̃,11,陽平,宣傳。
5634,棬,tɕʰ,yẽ,24,陰平,
5680,刁,t,iɔ,24,陰平,
5814,超,tsʰ,ɔ,24,陰平,
5820,朝,ts,ɔ,24,陰平,今朝。
5821,𦩻,ts,ɔ,24,陰平,今朝。
5827,潮,tsʰ,ɔ,11,陽平,
5869,椒,tɕ,iɔ,24,陰平,
5870,茮,tɕ,iɔ,24,陰平,
5885,燒,s,ɔ,24,陰平,
5990,橋,tɕʰ,iɔ,11,陽平,
6077,交,k,ɔ,24,陰平,
6136,貓,m,iɔ,55,去聲,
6159,包,p,ɔ,24,陰平,
6173,敲,kʰ,ɔ,24,陰平,
6191,抓,ts,ɔ,24,陰平,
6274,牢,l,ɔ,11,陽平,
6275,窂,l,ɔ,11,陽平,
6301,毛,m,ɔ,24,陰平,
6391,糟,ts,ɔ,24,陰平,
6392,𦵩,ts,ɔ,24,陰平,
6393,醩,ts,ɔ,24,陰平,
6405,熬,ŋ,ɔ,11,陽平,
6425,曹,tsʰ,ɔ,11,陽平,
6426,𣍘,tsʰ,ɔ,11,陽平,
6452,操,tsʰ,ɔ,24,陰平,
6469,哥,k,o,24,陰平,
6478,多,t,o,24,陰平,
6505,馱,tʰ,o,11,陽平,
6537,鵝,ŋ,o,11,陽平,
6547,拕,tʰ,o,24,陰平,
6560,鑼,l,o,11,陽平,
6572,河,h,o,11,陽平,
6617,蓑,s,o,24,陰平,
6624,婆,pʰ,o,11,陽平,
6642,磨,m,o,11,陽平,磨刀。
6671,螺,l,o,11,陽平,
6672,蠃,l,o,11,陽平,
6682,波,p,o,24,陰平,
6695,禾,v,o,11,陽平,
6722,鞾,ɕ,io,24,陰平,
6723,靴,ɕ,io,24,陰平,
6731,茄,tɕʰ,io,11,陽平,
6742,瘸,tɕʰ,io,11,陽平,
6744,麻,m,a,11,陽平,
6752,車,tsʰ,a,24,陰平,
6770,遮,ts,a,24,陰平,
6786,蛇,s,a,11,陽平,
6787,虵,s,a,11,陽平,
6799,瓜,k,ua,24,陰平,
6806,華,h,ua,24,陰平,
6807,花,h,ua,24,陰平,
6818,拏,n,a,42,上聲,
6828,家,k,a,24,陰平,
6887,叉,tsʰ,a,24,陰平,
6907,牙,ŋ,a,11,陽平,
6914,樝,tsʰ,a,11,陽平,
6915,柤,tsʰ,a,11,陽平,
6930,𣘻,tsʰ,a,11,陽平,
6931,茶,tsʰ,a,11,陽平,
6942,斜,tɕʰ,ia,11,陽平,
6943,邪,ɕ,ia,11,陽平,
6961,爬,pʰ,a,11,陽平,
6995,爹,t,ia,24,陰平,
7043,涼,t,iɔ̃,11,陽平,
7044,凉,t,iɔ̃,11,陽平,
7056,香,ɕ,iɔ̃,24,陰平,
7063,傷,s,ɔ̃,24,陰平,
7080,房,f,ɔ̃,11,陽平,
7087,章,ts,ɔ̃,24,陰平,
7102,昌,tsʰ,ɔ̃,24,陰平,
7126,姜,tɕ,iɔ̃,24,陰平,
7129,長,tsʰ,ɔ̃,11,陽平,長短。
7137,張,ts,ɔ̃,24,陰平,
7156,瓤,n,ɔ̃,11,陽平,
7158,方,f,ɔ̃,24,陰平,
7185,漿,tɕ,iɔ̃,24,陰平,
7190,創,tsʰ,ɔ̃,24,陰平,
7191,瘡,tsʰ,ɔ̃,24,陰平,
7192,𠛂,tsʰ,ɔ̃,24,陰平,
7206,娘,n,iɔ̃,11,陽平,
7215,裝,ts,ɔ̃,24,陰平,
7217,常,s,ɔ̃,11,陽平,
7227,霜,s,ɔ̃,24,陰平,
7234,牆,tɕʰ,iɔ̃,11,陽平,
7235,廧,tɕʰ,iɔ̃,11,陽平,
7236,墻,tɕʰ,iɔ̃,11,陽平,
7246,槍,tɕʰ,iɔ̃,24,陰平,
7258,筐,tɕʰ,iɔ̃,24,陰平,
7266,眶,tɕʰ,iɔ̃,24,陰平,
7269,王,v,ɔ̃,11,陽平,
7278,秧,j,iɔ̃,24,陰平,聲母j-上標，介於j-與零聲母之間。
7282,強,tɕʰ,iɔ̃,11,陽平,
7303,堂,tʰ,ɔ̃,11,陽平,
7304,坣,tʰ,ɔ̃,11,陽平,
7337,郎,l,ɔ̃,11,陽平,
7378,倉,tsʰ,ɔ̃,24,陰平,
7391,鋼,k,ɔ̃,24,陰平,
7401,桑,s,ɔ̃,24,陰平,
7402,桒,s,ɔ̃,24,陰平,
7408,穅,h,ɔ̃,24,陰平,
7409,糠,h,ɔ̃,24,陰平,
7421,荒,h,ɔ̃,24,陰平,
7435,黃,h,ɔ̃,11,陽平,姓。
7435,黃,v,ɔ̃,11,陽平,黃色
7467,光,k,ɔ̃,24,陰平,
7468,灮,k,ɔ̃,24,陰平,
7481,湯,tʰ,ɔ̃,24,陰平,
7518,行,h,ɔ̃,11,陽平,銀行。
7538,忙,m,ɔ̃,11,陽平,
7539,朚,m,ɔ̃,11,陽平,
7577,幫,p,ɔ̃,24,陰平,
7578,縍,p,ɔ̃,24,陰平,
7594,阬,h,ã,24,陰平,
7595,坑,h,ã,24,陰平,
7596,硎,h,ã,24,陰平,
7608,橫,v,ã,11,陽平,
7641,彭,pʰ,ã,11,陽平,
7662,橕,tsʰ,ã,24,陰平,
7663,樘,tsʰ,ã,24,陰平,
7689,平,pʰ,iŋ,11,陽平,文讀
7689,平,pʰ,iã,11,陽平,白讀。
7704,明,m,iŋ,11,陽平,文讀
7704,明,m,iã,11,陽平,白讀。
7711,澄,tʰ,ẽ,11,陽平,澄清。
7718,榮,0,iŋ,11,陽平,
7724,兵,p,iŋ,24,陰平,
7725,兄,ɕ,iã,24,陰平,
7727,生,s,ẽ,24,陰平,
7727,生,s,ã,24,陰平,
7748,迎,n,iã,11,陽平,
7749,行,h,ã,11,陽平,出行。
7749,行,h,ẽ,11,陽平,行時
7864,轟,h,əŋ,42,上聲,
7865,輷,h,əŋ,42,上聲,
7879,橙,tsʰ,ã,11,陽平,
7896,棚,pʰ,əŋ,11,陽平,
7902,爭,ts,ẽ,24,陰平,文讀
7902,爭,ts,ã,24,陰平,白讀。
7909,清,tʰ,iŋ,24,陰平,文讀
7909,清,tʰ,iã,24,陰平,白讀。
7911,情,tɕʰ,iŋ,11,陽平,
7912,晴,tɕʰ,iã,11,陽平,
7916,精,tɕ,iã,24,陰平,白讀。
7916,精,tɕ,iŋ,24,陰平,文讀
7937,贏,0,iã,11,陽平,
7943,營,0,iã,11,陽平,
7970,成,s,ã,11,陽平,舞成
7970,成,tsʰ,ã,11,陽平,成三。
7970,成,tɕʰ,iŋ,11,陽平,成功
7971,𢦩,s,ã,11,陽平,舞成
7971,𢦩,tɕʰ,iŋ,11,陽平,成功
7971,𢦩,tsʰ,ã,11,陽平,成三。
7981,程,tɕʰ,iŋ,11,陽平,
7987,聲,ɕ,iŋ,24,陰平,文讀
7987,聲,s,ã,24,陰平,白讀。
7995,正,ts,ã,24,陰平,正月。
8001,輕,tɕʰ,iã,24,陰平,
8004,名,m,iã,11,陽平,白讀。
8004,名,m,iŋ,11,陽平,文讀
8012,傾,tɕʰ,yŋ,42,上聲,
8015,縈,0,iã,24,陰平,繞也。
8020,瓊,tɕʰ,yŋ,11,陽平,
8021,璚,tɕʰ,yŋ,11,陽平,
8046,青,tɕʰ,iã,24,陰平,白讀。
8046,青,tɕʰ,iŋ,24,陰平,文讀
8051,經,tɕ,iŋ,24,陰平,
8057,形,ɕ,iŋ,11,陽平,
8073,停,tʰ,iŋ,11,陽平,
8094,釘,t,iã,24,陰平,
8104,星,ɕ,iã,24,陰平,
8105,曐,ɕ,iã,24,陰平,
8124,靈,t,iŋ,11,陽平,
8125,霛,t,iŋ,11,陽平,
8126,𩆈,t,iŋ,11,陽平,
8136,鈴,l,iŋ,11,陽平,
8163,零,t,iã,11,陽平,
8224,聽,tʰ,iã,24,陰平,
8249,瓶,pʰ,iŋ,11,陽平,
8250,缾,pʰ,iŋ,11,陽平,
8278,蒸,tɕ,iŋ,24,陰平,
8279,䒱,tɕ,iŋ,24,陰平,
8280,烝,tɕ,iŋ,24,陰平,
8312,應,j,iŋ,24,陰平,應當。聲母j-上標，介於j-與零聲母之間。
8320,冫,p,iŋ,24,陰平,
8321,冰,p,iŋ,24,陰平,
8323,蠅,j,iŋ,11,陽平,聲母j-上標，介於j-與零聲母之間。
8324,繩,ɕ,iŋ,11,陽平,
8336,升,ɕ,iŋ,24,陰平,
8337,昇,ɕ,iŋ,24,陰平,
8379,燈,t,ẽ,24,陰平,
8411,層,tsʰ,ẽ,11,陽平,
8430,能,n,ẽ,11,陽平,
8436,藤,tʰ,ẽ,11,陽平,
8481,劉,t,iu,11,陽平,
8491,流,l,iu,11,陽平,
8492,㳅,l,iu,11,陽平,
8525,秋,tɕʰ,iu,24,陰平,
8526,秌,tɕʰ,iu,24,陰平,
8588,牛,n,iu,11,陽平,
8612,修,ɕ,iu,24,陰平,
8618,抽,tɕʰ,iu,24,陰平,
8619,𢭆,tɕʰ,iu,24,陰平,
8620,㨨,tɕʰ,iu,24,陰平,
8631,周,tɕ,iu,24,陰平,
8668,收,ɕ,iu,24,陰平,
8669,丘,ɕ,iu,24,陰平,
8670,丠,ɕ,iu,24,陰平,
8682,鳩,k,io,24,陰平,
8697,𢯱,ɕ,io,24,陰平,
8698,搜,ɕ,io,24,陰平,
8736,愁,tɕʰ,io,11,陽平,
8738,休,ɕ,iu,24,陰平,
8801,求,tɕʰ,iu,11,陽平,
8802,𡨃,tɕʰ,iu,11,陽平,
8840,浮,f,io,11,陽平,
8897,猴,h,io,11,陽平,
8933,樓,l,io,11,陽平,
8985,偷,tʰ,io,24,陰平,
8989,頭,tʰ,io,11,陽平,
9084,侵,tɕ,iŋ,24,陰平,
9085,𢔀,tɕ,iŋ,24,陰平,
9091,尋,tɕʰ,iŋ,11,陽平,
9092,𢒫,tɕʰ,iŋ,11,陽平,
9107,林,l,iŋ,11,陽平,
9123,針,tɕ,iŋ,24,陰平,
9124,鍼,tɕ,iŋ,24,陰平,
9131,沈,tɕʰ,iŋ,11,陽平,
9132,沉,tɕʰ,iŋ,11,陽平,
9159,深,ɕ,iŋ,24,陰平,
9176,心,ɕ,iŋ,24,陰平,
9204,琴,tɕʰ,iŋ,11,陽平,
9245,金,tɕ,iŋ,24,陰平,
9286,嵾,s,ẽ,24,陰平,人參。
9287,參,s,ẽ,24,陰平,人參。
9315,參,tsʰ,ã,24,陰平,
9320,南,n,ã,11,陽平,
9339,含,h,ã,11,陽平,
9367,蠶,tsʰ,ã,11,陽平,
9381,貪,tʰ,ã,24,陰平,
9432,甘,k,uɔ̃,24,陰平,
9439,擔,t,ã,24,陰平,
9453,籃,l,ã,11,陽平,
9490,鹽,j,iẽ,11,陽平,
9491,𥂁,j,iẽ,11,陽平,
9506,鐮,t,iẽ,11,陽平,
9507,鎌,t,iẽ,11,陽平,
9548,㡨,tɕʰ,iẽ,24,陰平,
9585,黏,n,a,11,陽平,訓讀。
9586,粘,n,a,11,陽平,訓讀。
9603,尖,tɕ,iẽ,24,陰平,
9625,箝,tɕʰ,iẽ,11,陽平,
9626,鉗,tɕʰ,iẽ,11,陽平,
9658,添,tʰ,iẽ,24,陰平,
9670,甜,tʰ,iẽ,11,陽平,
9682,謙,tɕʰ,iẽ,24,陰平,
9684,兼,tɕ,iẽ,24,陰平,
9691,嫌,ɕ,iẽ,11,陽平,
9695,拈,n,iẽ,24,陰平,
9703,咸,h,ã,11,陽平,
9724,檆,s,a,24,陰平,
9725,杉,s,a,24,陰平,
9726,櫼,s,a,24,陰平,
9792,衫,s,ã,24,陰平,
9807,嚴,n,iẽ,11,陽平,
9818,凡,f,ã,11,陽平,
9830,𢤦,t,əŋ,42,上聲,
9847,桶,tʰ,əŋ,42,上聲,
9889,攏,l,əŋ,24,陰平,
9895,動,tʰ,əŋ,24,陰平,
9896,𨔝,tʰ,əŋ,24,陰平,
9907,腫,ts,əŋ,42,上聲,
9934,重,tsʰ,əŋ,24,陰平,重量。
9958,恐,kʰ,əŋ,42,上聲,
9959,𢖶,kʰ,əŋ,42,上聲,
9964,拱,k,əŋ,42,上聲,
10008,港,k,ɔ̃,42,上聲,
10028,紙,ts,ɿ,42,上聲,
10029,帋,ts,ɿ,42,上聲,
10044,是,h,e,55,去聲,白讀。
10044,是,s,ɿ,55,去聲,文讀
10067,被,pʰ,i,24,陰平,被子。
10069,毀,h,ue,42,上聲,
10141,螘,n,i,42,上聲,
10142,蟻,n,i,42,上聲,
10143,蛾,n,i,42,上聲,
10279,舓,s,e,42,上聲,
10280,𦧇,s,e,42,上聲,
10281,舐,s,e,42,上聲,
10335,美,m,e,42,上聲,
10372,軌,k,ue,42,上聲,
10390,𦳊,s,ɿ,42,上聲,
10391,屎,s,ɿ,42,上聲,
10395,死,s,ɿ,42,上聲,
10398,水,ɕ,y,42,上聲,
10488,己,tɕ,i,42,上聲,
10517,耳,n,i,42,上聲,
10522,里,t,i,55,去聲,里面。
10522,里,t,i,24,陰平,里程
10524,鯉,t,i,24,陰平,
10526,李,l,i,42,上聲,
10528,理,t,i,42,上聲,
10549,起,tɕʰ,i,42,上聲,文讀
10549,起,ɕ,i,42,上聲,白讀。
10583,齒,ts,ɿ,42,上聲,
10600,尾,m,i,24,陰平,
10627,匪,f,i,42,上聲,
10648,鬼,k,ue,42,上聲,
10669,語,n,i,42,上聲,
10681,呂,t,i,42,上聲,
10682,膂,t,i,42,上聲,
10696,芧,tsʰ,e,24,陰平,
10697,苧,tsʰ,e,24,陰平,
10710,䰞,ts,e,42,上聲,
10711,煑,ts,e,42,上聲,
10721,鼠,ɕ,y,42,上聲,
10748,女,n,i,42,上聲,
10750,許,ɕ,y,42,上聲,
10808,緒,ɕ,i,55,去聲,
10837,雨,j,y,42,上聲,
10852,甫,pʰ,u,42,上聲,
10854,斧,f,u,42,上聲,
10924,柱,tɕ,y,55,去聲,
10955,主,tɕ,y,42,上聲,
10970,乳,n,æ,42,上聲,
11012,土,tʰ,u,42,上聲,
11021,肚,tʰ,u,24,陰平,腹。
11026,櫓,l,u,42,上聲,
11027,滷,l,u,42,上聲,
11049,肚,t,u,42,上聲,魚肚。
11056,鼓,k,u,42,上聲,
11076,五,0,ŋ̩,42,上聲,
11077,午,0,ŋ̩,42,上聲,白讀。
11077,午,v,u,42,上聲,文讀
11081,簿,pʰ,u,24,陰平,
11082,部,pʰ,u,55,去聲,
11111,苦,f,u,42,上聲,苦味。
11111,苦,kʰ,u,42,上聲,辛苦
11118,戶,f,u,55,去聲,
11146,補,p,u,42,上聲,
11170,體,tʰ,i,42,上聲,
11171,軆,tʰ,i,42,上聲,
11197,弟,tʰ,i,24,陰平,
11217,洗,ɕ,i,42,上聲,
11218,洒,ɕ,i,42,上聲,
11270,蟹,kʰ,æ,42,上聲,
11271,䲒,kʰ,æ,42,上聲,
11277,買,m,æ,42,上聲,
11288,嬭,n,æ,42,上聲,牛奶。
11288,嬭,n,æ,24,陰平,祖母
11289,㚷,n,æ,42,上聲,牛奶。
11289,㚷,n,æ,24,陰平,祖母
11296,矮,0,æ,42,上聲,
11301,解,k,æ,42,上聲,
11314,拐,k,uæ,42,上聲,
11321,楷,kʰ,æ,42,上聲,
11371,辠,tsʰ,ue,55,去聲,
11372,罪,tsʰ,ue,55,去聲,
11376,每,m,e,42,上聲,
11380,骽,tʰ,ue,42,上聲,
11381,腿,tʰ,e,42,上聲,
11392,匯,h,ue,55,去聲,
11437,海,h,ue,42,上聲,
11455,待,tʰ,e,55,去聲,
11467,改,k,æ,42,上聲,
11486,在,tsʰ,e,24,陰平,
11527,腎,ɕ,iŋ,55,去聲,
11533,忍,n,iŋ,42,上聲,
11555,盡,tɕʰ,iŋ,55,去聲,
11575,菌,tɕʰ,yŋ,24,陰平,菇。
11598,敏,m,iŋ,42,上聲,
11625,準,ts,yŋ,42,上聲,
11626,准,ts,yŋ,42,上聲,
11631,允,0,yŋ,42,上聲,
11681,粉,f,ẽ,42,上聲,
11747,近,tɕʰ,iŋ,24,陰平,
11755,遠,j,yẽ,42,上聲,
11794,反,f,ã,42,上聲,
11843,混,h,uẽ,42,上聲,
11863,本,p,ẽ,42,上聲,
11923,笨,p,ẽ,11,陽平,
11932,墾,kʰ,ẽ,42,上聲,
11938,旱,h,uɔ̃,24,陰平,
11990,嬾,l,ã,24,陰平,
11991,懶,l,ã,24,陰平,
12019,短,t,uɔ̃,42,上聲,
12020,𢭃,t,uɔ̃,42,陰平,
12023,椀,v,ɔ̃,42,上聲,
12024,盌,v,ɔ̃,42,上聲,
12034,管,k,uɔ̃,42,上聲,
12035,筦,k,uɔ̃,42,上聲,
12046,卵,l,uɔ̃,42,上聲,
12055,煗,n,uɔ̃,24,陰平,
12056,㬉,n,uɔ̃,24,陰平,
12057,暖,n,uɔ̃,24,陰平,
12058,煖,n,uɔ̃,24,陰平,
12070,伴,pʰ,ɔ̃,55,去聲,
12073,滿,m,ɔ̃,42,上聲,
12084,斷,tʰ,uɔ̃,24,陰平,
12093,板,p,ã,42,上聲,
12129,產,tsʰ,ã,42,上聲,
12151,揀,k,ã,42,上聲,
12166,眼,ŋ,ã,42,上聲,
12261,扁,p,iẽ,42,上聲,
12285,辮,p,iẽ,24,陰平,
12306,癬,ɕ,iẽ,42,上聲,
12328,展,ts,ẽ,42,上聲,
12329,㞡,ts,ẽ,42,上聲,
12358,淺,tɕʰ,iẽ,42,上聲,
12387,善,s,ẽ,55,去聲,
12388,譱,s,ẽ,55,去聲,
12399,剪,tɕ,iẽ,42,上聲,
12434,件,tɕʰ,iẽ,55,去聲,
12481,轉,ts,uɔ̃,42,上聲,轉身。
12492,輭,n,iẽ,24,陰平,
12493,軟,n,iẽ,24,陰平,
12591,繳,tɕ,iɔ,42,上聲,
12596,鳥,n,iɔ,42,上聲,文讀
12596,鳥,t,iɔ,24,陰平,白讀。
12671,小,ɕ,iɔ,42,上聲,
12734,紹,s,ɔ,11,陽平,
12735,綤,s,ɔ,11,陽平,
12805,飽,p,ɔ,42,上聲,
12806,𩜿,p,ɔ,42,上聲,
12807,𩛁,p,ɔ,42,上聲,
12811,卯,m,ɔ,42,上聲,
12812,戼,m,ɔ,42,上聲,
12818,絞,k,ɔ,42,上聲,
12850,齩,ŋ,ɔ,42,上聲,
12869,浩,h,ɔ,24,陰平,
12881,老,l,ɔ,42,上聲,
12898,道,tʰ,ɔ,55,去聲,
12899,衟,tʰ,ɔ,55,去聲,
12900,𡬹,tʰ,ɔ,55,去聲,
12905,堖,n,ɔ,42,上聲,
12906,腦,n,ɔ,42,上聲,
12907,𠜶,n,ɔ,42,上聲,
12908,惱,n,ɔ,42,上聲,
12953,造,tsʰ,ɔ,55,去聲,
12987,襖,0,ɔ,42,上聲,
13030,舵,tʰ,o,24,陰平,
13076,左,ts,o,42,上聲,
13079,果,k,o,42,上聲,
13080,菓,k,o,42,上聲,
13126,惰,tʰ,o,24,陰平,
13143,坐,tsʰ,o,24,陰平,
13144,𡋲,tsʰ,o,24,陰平,
13169,禍,h,o,55,去聲,
13170,𥙯,h,o,55,去聲,
13176,火,h,o,42,上聲,
13185,馬,m,a,42,上聲,
13195,野,j,ia,42,上聲,
13196,壄,j,ia,42,上聲,
13197,也,j,ia,24,陰平,
13208,假,k,a,42,上聲,真假、放假讀音亦同。
13209,叚,k,a,42,上聲,真假、放假讀音亦同。
13222,下,h,a,55,去聲,下面。
13222,下,h,a,24,陰平,底下
13226,寫,ɕ,ia,42,上聲,
13236,社,s,a,42,上聲,
13248,姐,tɕ,i,42,上聲,
13271,瓦,ŋ,a,42,上聲,
13274,惹,n,ia,42,上聲,
13288,撦,tsʰ,a,42,上聲,
13305,養,j,iɔ̃,42,上聲,聲母j-上標，介於j-與零聲母之間。
13306,痒,j,iɔ̃,24,陰平,聲母j-上標，介於j-與零聲母之間。
13307,癢,j,iɔ̃,24,陰平,聲母j-上標，介於j-與零聲母之間。
13312,像,tɕʰ,iɔ̃,55,去聲,
13313,象,ɕ,iɔ̃,55,去聲,
13328,蔣,tɕ,iɔ̃,42,上聲,
13330,兩,t,iɔ̃,42,上聲,兩個
13330,兩,t,iɔ̃,24,上聲,斤兩。
13365,掌,ts,ɔ̃,42,上聲,
13377,響,ɕ,iɔ̃,42,上聲,
13389,廠,tsʰ,ɔ̃,42,上聲,
13397,丈,tsʰ,ɔ̃,55,去聲,
13420,紡,f,ɔ̃,42,上聲,
13423,网,m,ɔ̃,42,上聲,
13424,網,m,ɔ̃,42,上聲,
13443,往,v,ɔ̃,42,上聲,
13447,搶,tɕʰ,iɔ̃,42,上聲,
13448,摤,tɕʰ,iɔ̃,42,上聲,
13449,長,ts,ɔ̃,42,上聲,生長。
13450,上,s,ɔ̃,42,上聲,上山。
13451,丄,s,ɔ̃,42,上聲,上山。
13461,蕩,tʰ,ɔ̃,24,陰平,
13477,廣,k,ɔ̃,42,上聲,
13518,黨,t,ɔ̃,42,上聲,
13579,梗,k,uã,42,上聲,
13605,影,0,iã,42,上聲,
13613,省,s,ã,42,上聲,節省。
13622,永,0,yŋ,42,上聲,
13637,猛,m,əŋ,42,上聲,
13643,礦,kʰ,ɔ̃,55,去聲,
13644,鑛,kʰ,ɔ̃,55,去聲,
13645,𨥑,kʰ,ɔ̃,55,去聲,
13659,冷,l,ã,24,陰平,
13665,耿,k,ẽ,42,上聲,
13680,靜,tɕʰ,iŋ,55,去聲,
13705,領,t,iã,42,上聲,
13706,嶺,t,iã,24,陰平,
13707,阾,t,iã,24,陰平,
13711,頸,tɕ,iã,42,上聲,
13712,餅,p,iã,42,上聲,
13723,丼,tɕ,iã,42,上聲,
13730,請,tʰ,iã,42,上聲,
13775,挺,tʰ,iŋ,42,上聲,
13815,醒,ɕ,iã,42,上聲,
13840,拯,tɕ,iŋ,42,上聲,
13841,抍,tɕ,iŋ,42,上聲,
13842,撜,tɕ,iŋ,42,上聲,
13848,等,t,ẽ,42,上聲,
13851,肯,h,ẽ,42,上聲,白讀。
13851,肯,kʰ,ẽ,42,上聲,文讀
13852,肎,kʰ,ẽ,42,上聲,文讀
13852,肎,h,ẽ,42,上聲,白讀。
13854,有,j,iu,42,上聲,
13857,友,j,iu,42,上聲,
13858,㕛,j,iu,42,上聲,
13863,柳,l,iu,42,上聲,
13908,手,ɕ,iu,42,上聲,
13916,婦,f,u,55,去聲,文讀
13916,婦,f,u,24,陰平,白讀。
13950,舅,tɕʰ,iu,42,上聲,
13988,受,ɕ,iu,55,去聲,
14000,酒,tɕ,iu,42,上聲,
14017,厚,h,io,24,陰平,
14018,垕,h,io,24,陰平,
14021,后,h,io,55,去聲,
14026,某,m,io,42,上聲,
14029,𠭇,m,io,42,上聲,
14030,畮,m,io,42,上聲,
14031,畞,m,io,42,上聲,
14067,狗,k,io,42,上聲,
14078,藕,ŋ,io,42,上聲,
14079,蕅,ŋ,io,42,上聲,
14080,偶,ŋ,io,42,上聲,
14137,口,h,io,42,上聲,白讀。
14137,口,kʰ,io,42,上聲,文讀
14165,糾,tɕ,iu,24,陰平,
14254,稟,p,iŋ,42,上聲,
14258,品,pʰ,iŋ,42,上聲,
14266,感,k,ã,42,上聲,
14317,慘,tsʰ,ã,42,上聲,
14384,敢,k,uɔ̃,42,上聲,
14385,𠭖,k,uɔ̃,42,上聲,
14386,𣪏,k,uɔ̃,42,上聲,
14387,𢽤,k,uɔ̃,42,上聲,
14407,膽,t,ã,42,上聲,
14418,淡,tʰ,ã,24,陰平,
14429,喊,h,ã,42,上聲,
14430,嚂,h,ã,42,上聲,
14461,險,ɕ,iẽ,42,上聲,
14496,染,j,iẽ,42,上聲,
14553,點,t,iẽ,42,上聲,
14609,減,k,ã,42,上聲,
14633,艦,k,ã,11,陽平,
14655,犯,f,ã,11,陽平,
14666,送,s,əŋ,11,陽平,
14669,鳳,f,əŋ,55,去聲,
14670,𠤈,f,əŋ,55,去聲,
14689,凍,t,əŋ,11,陽平,
14701,糉,ts,əŋ,11,陽平,
14702,粽,ts,əŋ,11,陽平,
14715,洞,tʰ,əŋ,55,去聲,
14731,痛,tʰ,əŋ,11,陽平,
14740,㝱,m,əŋ,55,去聲,
14741,夢,m,əŋ,55,去聲,
14764,眾,ts,əŋ,11,陽平,
14765,銃,tsʰ,əŋ,11,陽平,
14778,用,0,iŋ,55,去聲,
14785,縫,f,əŋ,55,去聲,縫隙。
14787,共,kʰ,əŋ,55,去聲,共產黨
14787,共,tɕʰ,iŋ,55,去聲,共用。
14790,供,tɕ,iŋ,24,陰平,供雞。
14832,撞,tsʰ,ɔ̃,55,去聲,
14892,被,pʰ,i,55,去聲,被迫。
14898,寄,tɕ,i,11,陽平,
14920,易,0,i,55,去聲,容易
14920,易,j,ia,55,去聲,姓。
14932,義,n,i,55,去聲,
14943,智,ts,ɿ,11,陽平,
14944,𣉻,ts,ɿ,11,陽平,
14959,戲,tɕʰ,i,11,陽平,
14993,僞,v,e,42,上聲,
14997,睡,s,ue,11,陽平,
15035,位,v,e,55,去聲,
15070,醉,tɕ,i,11,陽平,
15082,淚,t,i,24,陰平,
15111,櫃,tɕʰ,y,55,去聲,
15122,備,pʰ,i,55,去聲,
15123,俻,pʰ,i,55,去聲,
15124,𤰇,pʰ,i,55,去聲,
15125,𤰈,pʰ,i,55,去聲,
15145,帥,s,æ,11,陽平,
15164,利,t,i,55,去聲,白讀。
15164,利,l,i,55,去聲,文讀
15165,𥝤,t,i,55,去聲,白讀。
15165,𥝤,l,i,55,去聲,文讀
15244,二,n,i,55,去聲,
15245,弍,n,i,55,去聲,
15267,四,s,ɿ,11,陽平,
15268,亖,s,ɿ,11,陽平,
15269,𠃢,s,ɿ,11,陽平,
15281,器,tɕʰ,i,11,陽平,
15282,季,tɕ,i,11,陽平,
15311,地,tʰ,i,55,去聲,
15312,墬,tʰ,i,55,去聲,
15333,自,s,ɿ,55,去聲,自家。
15333,自,tsʰ,ɿ,55,去聲,自私
15392,字,tsʰ,ɿ,55,去聲,
15439,事,s,ɿ,55,去聲,
15466,記,tɕ,i,11,陽平,
15480,味,v,i,55,去聲,
15487,貴,tɕ,y,11,陽平,白讀。
15487,貴,k,ue,11,陽平,文讀
15507,魏,v,e,42,上聲,
15520,費,f,i,11,陽平,
15576,毅,n,iŋ,42,上聲,
15583,氣,tɕʰ,i,11,陽平,氣體
15583,氣,ɕ,i,11,陽平,出氣。
15584,炁,ɕ,i,11,陽平,出氣。
15584,炁,tɕʰ,i,11,陽平,氣體
15622,鋸,tɕ,y,11,陽平,
15639,去,h,e,11,陽平,
15648,藷,s,e,11,陽平,
15690,助,tsʰ,u,55,去聲,
15701,預,0,y,55,去聲,
15741,樹,tɕʰ,y,55,去聲,
15747,住,tɕʰ,y,55,去聲,
15778,句,tɕ,y,11,陽平,
15825,霧,v,u,55,去聲,
15826,霚,v,u,55,去聲,
15843,芋,j,y,55,去聲,
15883,墓,m,o,11,陽平,
15889,度,tʰ,u,55,去聲,
15891,路,l,u,55,去聲,
15892,露,l,u,11,陽平,
15917,兔,tʰ,u,55,去聲,
16007,醋,tsʰ,u,11,陽平,
16008,錯,tsʰ,o,11,陽平,
16010,絝,f,u,11,陽平,
16011,袴,f,u,11,陽平,
16019,步,pʰ,u,55,去聲,
16032,作,ts,o,11,陽平,
16075,替,tʰ,i,11,陽平,
16076,𤾕,tʰ,i,11,陽平,
16077,暜,tʰ,i,11,陽平,
16078,㬱,tʰ,i,11,陽平,
16095,第,tʰ,i,24,陰平,
16096,弟,tʰ,i,24,陰平,
16132,細,ɕ,i,11,陽平,
16133,𥿳,ɕ,i,11,陽平,
16212,惠,h,ue,55,去聲,
16222,桂,k,ue,11,陽平,
16223,昋,k,ue,11,陽平,
16224,炅,k,ue,11,陽平,
16225,炔,k,ue,11,陽平,
16295,歲,ɕ,i,11,陽平,
16300,衞,v,e,11,陽平,
16335,銳,l,ue,42,上聲,
16352,稅,ɕ,y,11,陽平,
16362,斃,p,i,11,陽平,
16401,制,ts,ie,11,陽平,
16402,𠛐,ts,ɿ,11,陽平,
16481,例,l,ɿ,55,去聲,
16482,厲,l,i,55,去聲,
16512,世,s,ɿ,11,陽平,
16550,太,tʰ,æ,55,去聲,
16552,蓋,k,ue,11,陽平,
16581,害,h,ue,55,去聲,
16585,帶,t,æ,11,陽平,
16592,貝,p,e,11,陽平,
16611,會,h,ue,55,去聲,開會
16611,會,v,e,55,去聲,不會。
16639,最,ts,ue,11,陽平,
16654,外,v,e,42,上聲,外面
16654,外,v,e,11,陽平,外公。
16683,蔡,tsʰ,æ,11,陽平,
16684,𣞖,tsʰ,æ,11,陽平,
16716,挂,k,ua,11,陽平,
16717,掛,k,ua,11,陽平,
16735,賣,m,æ,42,上聲,
16736,畫,h,ua,55,去聲,
16756,稗,pʰ,a,55,去聲,
16761,派,pʰ,æ,42,上聲,
16780,怪,k,uæ,11,陽平,
16781,恠,k,uæ,11,陽平,
16784,𣀩,h,uæ,55,去聲,
16785,壞,h,uæ,55,去聲,
16795,界,k,æ,11,陽平,
16850,𢷎,p,æ,11,陽平,
16851,拜,p,æ,11,陽平,
16855,壞,h,uæ,55,去聲,
16856,𡎯,h,uæ,55,去聲,
16890,快,kʰ,uæ,11,陽平,
16899,話,h,ua,55,去聲,話語
16899,話,v,a,55,去聲,說。
16900,敗,pʰ,æ,55,去聲,
16901,𣀕,pʰ,æ,55,去聲,
16927,寨,tsʰ,æ,55,去聲,
16930,隊,t,e,11,陽平,
16950,背,pʰ,e,55,去聲,背書。
16954,妹,m,e,11,陽平,
17001,退,tʰ,e,11,陽平,
17002,𢓴,tʰ,e,11,陽平,
17003,𨓤,tʰ,e,11,陽平,
17029,塊,kʰ,uæ,42,上聲,
17030,凷,kʰ,uæ,42,上聲,
17032,碎,s,e,11,陽平,
17052,背,p,e,11,陽平,背脊。
17064,帒,tʰ,e,55,去聲,
17065,袋,tʰ,e,55,去聲,
17106,愛,ŋ,æ,55,去聲,
17125,戴,t,æ,11,陽平,
17157,肺,f,i,11,陽平,
17167,吠,f,i,55,去聲,
17209,認,n,iŋ,55,去聲,
17302,鎮,tɕ,iŋ,42,上聲,
17384,閏,0,yŋ,55,去聲,
17387,順,ɕ,yŋ,55,去聲,
17389,問,m,ẽ,11,陽平,白讀。
17389,問,v,ẽ,11,陽平,文讀
17400,運,j,yŋ,55,去聲,
17401,暈,j,yŋ,24,陰平,
17416,訓,ɕ,yŋ,55,去聲,
17425,糞,f,ẽ,11,陽平,
17426,𥻔,f,ẽ,11,陽平,
17479,勸,tɕʰ,yẽ,11,陽平,
17484,萬,v,ã,55,去聲,
17501,飯,f,ã,55,去聲,
17502,𩚳,f,ã,55,去聲,
17517,建,tɕ,iẽ,11,陽平,
17529,獻,ɕ,iẽ,42,上聲,
17537,健,tɕʰ,iẽ,55,去聲,
17560,困,kʰ,uẽ,11,陽平,
17561,𣏔,kʰ,uẽ,11,陽平,
17564,嫩,n,ẽ,55,去聲,
17565,媆,n,ẽ,55,去聲,
17606,恨,h,ẽ,55,去聲,
17621,汗,h,uɔ̃,55,去聲,
17646,案,0,uɔ̃,11,陽平,
17669,幹,k,uɔ̃,11,陽平,幹部。
17679,岸,ŋ,ã,55,去聲,
17691,看,kʰ,uɔ̃,11,陽平,
17694,漢,h,uɔ̃,55,去聲,
17703,爛,l,ã,55,去聲,
17704,爤,l,ã,55,去聲,
17744,換,h,uɔ̃,55,去聲,
17769,灌,k,uɔ̃,11,陽平,
17799,段,tʰ,uɔ̃,55,去聲,
17802,亂,l,uɔ̃,55,去聲,
17839,半,p,ɔ̃,11,陽平,
17854,叛,pʰ,ɔ̃,55,去聲,
17870,鴈,ŋ,æ,55,去聲,
17871,鳫,ŋ,æ,55,去聲,
17872,雁,ŋ,æ,55,去聲,
17891,慢,m,ã,55,去聲,
17908,慣,k,uã,11,陽平,
17936,莧,ɕ,iẽ,55,去聲,
17941,辦,pʰ,ã,55,去聲,辦法、辦公室讀音亦同。
17946,幻,h,uɔ̃,55,去聲,
17951,扮,pʰ,ã,55,去聲,
18009,電,tʰ,iẽ,55,去聲,
18086,麪,m,iẽ,55,去聲,麵條。
18087,麵,m,iẽ,55,去聲,麵條。
18094,片,pʰ,iẽ,42,上聲,
18112,線,ɕ,iẽ,11,陽平,
18113,綫,ɕ,iẽ,11,陽平,
18116,戰,ts,ẽ,11,陽平,
18152,面,m,iẽ,11,陽平,面上。
18167,箭,tɕ,iẽ,11,陽平,
18168,𥳭,tɕ,iẽ,11,陽平,
18174,濺,tɕʰ,iẽ,55,去聲,
18177,扇,s,ẽ,11,陽平,
18191,卷,tɕ,yẽ,42,上聲,
18264,賤,tɕʰ,iẽ,55,去聲,
18319,叫,tɕ,iɔ,11,陽平,
18366,照,ts,ɔ,11,陽平,
18367,炤,ts,ɔ,11,陽平,
18400,轎,tɕʰ,iɔ,55,去聲,
18474,教,k,ɔ,11,陽平,
18475,𢼂,k,ɔ,11,陽平,
18492,罩,ts,ɔ,42,上聲,
18493,䈇,ts,ɔ,42,上聲,
18498,豹,p,ɔ,11,陽平,
18534,𠆴,n,ɔ,55,去聲,
18535,鬧,n,ɔ,55,去聲,
18594,傲,ŋ,ɔ,11,陽平,
18671,靠,kʰ,ɔ,11,陽平,
18685,個,k,æ,11,陽平,一個。
18685,個,k,o,24,陰平,個人
18686,賀,h,o,55,去聲,
18707,餓,ŋ,o,55,去聲,
18709,大,tʰ,æ,55,去聲,
18716,過,k,o,11,陽平,
18723,和,h,o,11,陽平,和氣。
18724,盉,h,o,11,陽平,和氣。
18729,課,kʰ,o,42,上聲,
18750,銼,tsʰ,o,11,陽平,
18751,磨,m,o,55,去聲,石磨。
18752,䃺,m,o,55,去聲,石磨。
18757,稬,n,o,55,去聲,
18761,座,tsʰ,o,24,陰平,
18766,貨,h,o,11,陽平,
18781,刴,t,o,11,陽平,
18791,罵,m,a,11,陽平,
18798,嫁,k,a,11,陽平,
18808,亞,0,a,24,陰平,
18859,謝,tɕʰ,ia,55,去聲,姓謝
18859,謝,ɕ,ia,55,去聲,凋謝。
18870,下,h,a,42,上聲,
18877,夜,j,ia,55,去聲,
18885,瀉,ɕ,ia,11,陽平,
18893,蔗,ts,a,11,陽平,
18895,借,tɕ,ia,55,去聲,
18896,舍,s,a,42,上聲,
18901,射,s,a,55,去聲,
18902,䠶,s,a,55,去聲,
18905,霸,p,a,11,陽平,
18906,𧟳,p,a,11,陽平,
18913,怕,pʰ,a,11,陽平,
18921,化,h,ua,11,陽平,
18958,㨾,j,iɔ̃,55,去聲,
18982,讓,n,iɔ̃,55,去聲,
18996,帳,ts,ɔ̃,11,陽平,
19012,向,ɕ,iɔ̃,11,陽平,
19026,匠,ɕ,iɔ̃,55,去聲,
19036,上,s,ɔ̃,24,陰平,上下
19036,上,s,ɔ̃,55,去聲,上面。
19037,丄,s,ɔ̃,55,去聲,上面。
19037,丄,s,ɔ̃,24,陰平,上下
19039,壯,ts,ɔ̃,11,陽平,
19047,唱,tsʰ,ɔ̃,11,陽平,
19048,𪛋,tsʰ,ɔ̃,11,陽平,
19055,醬,tɕ,iɔ̃,11,陽平,
19056,𨡰,tɕ,iɔ̃,11,陽平,
19057,𨟻,tɕ,iɔ̃,11,陽平,
19065,望,m,ɔ̃,55,去聲,白讀。
19065,望,0,uɔ̃,55,去聲,文讀
19067,忘,m,ɔ̃,55,去聲,
19083,放,f,ɔ̃,11,陽平,
19180,鏡,tɕ,iã,11,陽平,
19192,命,m,iã,55,去聲,白讀。
19192,命,m,iŋ,55,去聲,文讀
19193,病,pʰ,iã,55,去聲,
19197,孟,m,əŋ,42,上聲,
19204,柄,p,iŋ,42,上聲,
19205,棅,p,iŋ,42,上聲,
19215,行,ɕ,iŋ,11,陽平,品行。
19246,鞕,ŋ,ã,55,去聲,
19247,硬,ŋ,ã,55,去聲,
19250,勁,tɕ,iŋ,11,陽平,
19254,正,tɕ,iŋ,11,陽平,正確
19254,正,ts,ã,11,陽平,舞正。
19265,姓,ɕ,iã,11,陽平,
19280,淨,tɕʰ,iã,55,去聲,
19281,瀞,tɕʰ,iã,55,去聲,
19312,定,tʰ,iŋ,55,去聲,
19347,證,tɕ,iŋ,11,陽平,
19367,應,0,ẽ,11,陽平,應對。
19374,興,ɕ,iŋ,24,陰平,興旺
19374,興,ɕ,iŋ,55,去聲,高興。
19389,秤,tɕʰ,iŋ,11,陽平,
19413,鄧,tʰ,ẽ,55,去聲,
19436,右,j,iu,55,去聲,
19473,晝,tɕ,iu,11,陽平,
19481,臭,tɕʰ,iu,11,陽平,
19485,袖,tɕʰ,iu,55,去聲,
19494,舊,tɕʰ,iu,55,去聲,
19504,縐,tɕ,io,11,陽平,
19600,候,h,io,55,去聲,
19645,豆,tʰ,io,55,去聲,
19685,透,tʰ,io,55,去聲,
19751,幼,j,iu,24,陰平,
19760,浸,tɕ,iŋ,11,陽平,
19761,濅,tɕ,iŋ,11,陽平,
19762,𣹦,tɕ,iŋ,11,陽平,
19767,任,j,iŋ,55,去聲,責任。
19831,暗,0,uɔ̃,11,陽平,
19835,撢,tʰ,ã,42,上聲,
19931,驗,n,iẽ,55,去聲,
19963,占,ts,ẽ,11,陽平,
19970,念,n,iẽ,55,去聲,
19972,店,t,iẽ,11,陽平,
20013,站,ts,ã,11,陽平,立。
20017,𧸖,tsʰ,ã,55,去聲,
20028,鑒,k,ã,11,陽平,
20061,汎,f,ã,55,去聲,
20062,泛,f,ã,55,去聲,
20070,欠,tɕʰ,iẽ,11,陽平,
20071,㐸,tɕʰ,iẽ,11,陽平,
20080,屋,v,u,55,去聲,
20081,𡲃,v,u,55,去聲,
20082,𦤼,v,u,55,去聲,
20087,獨,tʰ,u,55,去聲,
20093,讀,tʰ,u,55,去聲,
20122,谷,k,u,55,去聲,
20188,祿,l,o,55,去聲,
20189,鹿,l,u,55,去聲,
20207,碌,l,o,55,去聲,
20290,木,m,o,55,去聲,
20291,沐,m,o,55,去聲,
20303,福,f,u,55,去聲,
20323,服,f,u,55,去聲,
20324,𦨈,f,u,55,去聲,
20366,六,t,iu,55,去聲,
20367,陸,l,o,55,去聲,
20400,菊,tɕʰ,io,55,去聲,
20438,熟,s,u,55,去聲,
20451,育,0,io,55,去聲,
20491,肉,n,iu,55,去聲,
20494,粥,ts,u,55,去聲,
20499,叔,s,u,55,去聲,
20514,畜,ɕ,io,55,去聲,畜牧。
20515,𤲸,ɕ,io,55,去聲,畜牧。
20522,竹,ts,u,55,去聲,
20590,肅,ɕ,io,55,去聲,
20613,目,m,o,55,去聲,眼也、目錄讀音亦同。
20626,蓄,tsʰ,u,55,去聲,畜牲。
20645,毒,tʰ,u,55,去聲,
20646,𡹆,tʰ,u,55,去聲,
20717,燭,ts,u,55,去聲,
20730,玉,0,y,55,去聲,
20731,獄,0,io,55,去聲,
20751,局,tɕʰ,iu,55,去聲,
20768,觸,tsʰ,u,55,去聲,
20769,觕,tsʰ,u,55,去聲,
20774,褥,0,io,55,去聲,
20786,浴,0,io,55,去聲,
20800,綠,t,iu,55,去聲,
20814,曲,tɕʰ,io,55,去聲,
20825,足,tɕ,io,55,去聲,
20827,贖,s,u,55,去聲,
20840,俗,ɕ,io,55,去聲,
20860,角,k,o,55,去聲,
20896,捉,ts,ɔ̃,55,去聲,
20922,桌,ts,o,55,去聲,
20934,剝,p,o,55,去聲,
20993,㱿,kʰ,o,55,去聲,
21012,濁,tsʰ,o,55,去聲,
21055,㪬,tsʰ,o,55,去聲,
21060,學,h,o,55,去聲,
21087,質,ts,e,55,去聲,
21102,日,n,ie,55,去聲,
21107,實,s,e,55,去聲,
21129,一,j,ie,55,去聲,
21130,弌,j,ie,55,去聲,
21132,七,tɕʰ,ie,55,去聲,
21142,匹,p,ie,55,去聲,
21186,栗,t,ie,55,去聲,
21187,㮚,t,ie,55,去聲,
21188,𣡷,t,ie,55,去聲,
21232,失,s,e,55,去聲,
21323,密,m,ie,55,去聲,
21353,筆,p,i,55,去聲,
21378,橘,tɕ,ye,55,去聲,
21431,律,l,io,55,去聲,
21458,出,tsʰ,uo,55,去聲,
21480,物,v,o,55,去聲,
21531,屈,tɕʰ,ye,55,去聲,
21543,佛,f,o,55,去聲,
21600,乞,tɕʰ,ie,55,去聲,
21603,月,n,ie,55,去聲,
21617,罰,f,a,55,去聲,
21684,髮,f,a,55,去聲,
21685,𩠖,f,a,55,去聲,
21686,𩑛,f,a,55,去聲,
21690,韤,m,a,55,去聲,
21691,韈,m,a,55,去聲,
21692,襪,m,a,55,去聲,
21706,歇,ɕ,ie,55,去聲,
21732,骨,k,uo,55,去聲,
21781,突,tʰ,o,55,去聲,
21804,忽,h,o,55,去聲,
21901,卒,ts,uo,55,去聲,
21959,辢,l,a,55,去聲,
21961,瘌,l,a,55,去聲,
22003,割,k,uo,55,去聲,
22019,攃,tsʰ,a,55,去聲,
22022,捺,n,a,55,去聲,
22026,末,m,o,55,去聲,
22078,括,k,ua,55,去聲,
22099,闊,kʰ,ua,55,去聲,
22105,活,h,uo,55,去聲,
22113,奪,tʰ,o,55,去聲,
22114,𡙜,tʰ,o,55,去聲,
22115,敓,tʰ,o,55,去聲,
22147,𣸍,pʰ,a,55,去聲,
22156,脫,tʰ,uo,55,去聲,
22160,捋,l,uo,55,去聲,
22211,拔,pʰ,a,55,去聲,
22227,猾,v,a,55,去聲,
22234,八,p,a,55,去聲,
22253,穵,v,a,24,陰平,
22261,察,tsʰ,a,55,去聲,
22262,詧,tsʰ,a,55,去聲,
22297,殺,s,a,55,去聲,
22355,瞎,h,a,55,去聲,
22360,刮,k,ua,55,陽平,
22397,𨰉,ts,a,55,去聲,
22417,切,tɕʰ,ie,55,去聲,
22425,結,tɕ,ie,55,去聲,
22440,節,tɕ,ie,55,去聲,
22453,血,ɕ,ye,55,去聲,
22467,缺,tɕʰ,ye,55,去聲,
22484,決,tɕ,ye,55,去聲,
22495,穴,ɕ,ye,55,去聲,
22541,鐵,tʰ,ie,55,去聲,
22542,銕,tʰ,ie,55,去聲,
22571,捏,n,e,55,去聲,
22602,蔑,m,ie,55,去聲,蔑視。
22607,篾,m,ie,55,去聲,
22655,撆,pʰ,ie,55,去聲,
22693,薛,ɕ,ie,55,去聲,
22720,裂,l,ie,55,去聲,
22737,傑,tɕʰ,ie,55,去聲,
22751,熱,n,ie,55,去聲,
22756,折,ts,e,55,去聲,
22762,舌,s,e,55,去聲,
22767,孽,n,ie,55,去聲,
22776,櫱,n,ie,55,去聲,
22779,滅,m,ie,55,去聲,
22793,絕,tɕʰ,ie,55,去聲,
22797,雪,ɕ,ie,55,去聲,
22798,䨮,ɕ,ie,55,去聲,
22817,說,s,uo,55,去聲,小說。
22846,劣,l,ie,55,陽平,
22847,𢚃,l,ie,55,去聲,
22863,別,pʰ,ie,55,去聲,
22886,設,s,e,55,去聲,
22935,藥,j,io,55,去聲,
22936,躍,j,io,55,去聲,
23005,弱,n,io,55,去聲,
23019,約,j,io,55,去聲,
23025,虐,n,io,55,去聲,
23027,瘧,n,io,55,去聲,
23040,削,ɕ,io,55,去聲,
23042,爵,tɕ,io,55,去聲,
23043,𩰥,tɕ,io,55,去聲,
23044,雀,tɕʰ,io,55,去聲,
23098,著,ts,o,55,去聲,穿著。
23104,著,tsʰ,o,55,去聲,睡著。
23132,莫,m,o,55,去聲,
23133,幕,m,o,11,陽平,
23135,膜,m,o,11,陽平,
23140,寞,m,o,55,去聲,
23148,落,l,o,55,去聲,
23189,拓,tʰ,o,55,去聲,
23200,作,ts,o,55,去聲,
23213,各,k,o,55,去聲,
23261,惡,0,o,55,去聲,
23262,𢙣,0,o,55,去聲,
23268,薄,pʰ,o,55,去聲,
23310,鑿,tsʰ,o,55,去聲,
23345,諾,n,o,55,去聲,
23358,郭,k,o,55,去聲,
23359,𩫏,k,o,55,去聲,
23360,𨟍,k,o,55,去聲,
23395,帞,p,e,55,去聲,
23424,白,pʰ,a,55,去聲,
23432,百,p,a,55,去聲,
23482,額,ŋ,a,55,去聲,
23483,頟,ŋ,a,55,去聲,
23489,逆,n,ia,55,去聲,
23495,客,kʰ,a,55,去聲,
23502,𡍩,tsʰ,a,55,去聲,
23522,嚇,h,a,55,去聲,
23529,格,k,a,55,去聲,格子
23529,格,k,e,55,去聲,資格。
23580,麥,m,a,55,去聲,
23581,𧖴,m,a,55,去聲,
23582,脉,m,a,55,去聲,
23583,衇,m,a,55,去聲,
23691,隔,k,a,55,去聲,
23707,摘,ts,a,55,去聲,
23763,惜,ɕ,ie,55,去聲,
23775,脊,tɕ,ie,55,去聲,
23849,尺,tsʰ,a,55,去聲,
23860,石,s,a,55,去聲,
23867,隻,ts,a,55,去聲,
23895,席,tɕʰ,ia,55,去聲,席子。
23895,席,ɕ,ie,55,去聲,主席
23923,役,0,ye,55,去聲,
23957,錫,ɕ,ia,55,去聲,
23981,劈,pʰ,ia,55,去聲,
24039,滴,t,ie,55,去聲,
24079,笛,tʰ,ie,55,去聲,
24080,𥴦,tʰ,ie,55,去聲,
24112,踢,tʰ,ia,55,去聲,
24170,壁,p,ia,55,去聲,
24217,織,ts,e,55,去聲,
24223,直,tsʰ,e,55,去聲,
24227,力,t,i,55,去聲,
24253,食,s,ɿ,55,去聲,
24253,食,s,e,55,去聲,
24260,熄,ɕ,ie,55,去聲,
24274,識,s,e,55,去聲,
24293,極,tɕʰ,ie,55,去聲,
24323,色,s,e,55,去聲,
24400,逼,p,i,55,去聲,
24401,偪,p,i,55,去聲,
24410,域,0,ye,55,去聲,
24489,得,t,e,55,去聲,
24515,刻,kʰ,e,55,去聲,
24520,特,tʰ,e,55,去聲,
24529,黑,h,e,55,去聲,
24532,墨,m,e,55,去聲,
24544,賊,tsʰ,e,55,去聲,
24545,𧵪,tsʰ,e,55,去聲,
24556,北,p,e,55,去聲,
24576,國,k,uo,55,去聲,
24598,十,s,e,55,去聲,
24603,汁,ts,e,55,去聲,
24608,習,ɕ,ie,55,去聲,
24621,集,tɕʰ,ie,55,去聲,
24630,入,j,ie,55,去聲,
24634,溼,s,e,55,去聲,
24635,濕,s,e,55,去聲,
24650,及,tɕʰ,ie,55,去聲,及格。
24651,𨕤,tɕʰ,ie,55,去聲,及格。
24669,粒,t,ie,55,去聲,
24670,笠,t,ie,55,去聲,
24676,急,tɕ,ie,55,去聲,
24759,合,h,uo,55,去聲,合作。
24771,鴿,k,uo,55,去聲,
24789,答,t,a,55,去聲,
24853,雜,tsʰ,a,55,去聲,
24881,納,n,a,55,去聲,
24936,臘,l,a,55,去聲,
24937,臈,l,a,55,去聲,
24941,蠟,l,a,55,去聲,
24942,䗶,l,a,55,去聲,
24975,塔,tʰ,a,55,去聲,
25016,磕,kʰ,o,55,去聲,磕頭。
25031,葉,j,ie,55,去聲,
25041,接,tɕ,ie,55,去聲,
25101,聶,n,ie,55,去聲,
25102,躡,n,ie,55,去聲,
25197,帖,tʰ,ie,55,去聲,
25207,協,ɕ,ie,55,去聲,
25208,叶,ɕ,ie,55,去聲,
25306,跕,t,ie,55,去聲,
25324,狹,tɕʰ,ie,55,去聲,
25325,陜,tɕʰ,ie,55,去聲,
25326,陿,tɕʰ,ie,55,去聲,
25373,插,tsʰ,a,55,去聲,
25424,鴨,0,a,55,去聲,
25430,甲,k,a,55,去聲,
25454,業,n,ie,55,去聲,
25455,㸣,n,ie,55,去聲,
25520,法,f,a,55,去聲,
25521,灋,f,a,55,去聲,
